-- MySQL dump 10.13  Distrib 8.0.30, for Win64 (x86_64)
--
-- Host: localhost    Database: uts-2020130002
-- ------------------------------------------------------
-- Server version	8.0.30

/*!40101 SET @OLD_CHARACTER_SET_CLIENT=@@CHARACTER_SET_CLIENT */;
/*!40101 SET @OLD_CHARACTER_SET_RESULTS=@@CHARACTER_SET_RESULTS */;
/*!40101 SET @OLD_COLLATION_CONNECTION=@@COLLATION_CONNECTION */;
/*!50503 SET NAMES utf8mb4 */;
/*!40103 SET @OLD_TIME_ZONE=@@TIME_ZONE */;
/*!40103 SET TIME_ZONE='+00:00' */;
/*!40014 SET @OLD_UNIQUE_CHECKS=@@UNIQUE_CHECKS, UNIQUE_CHECKS=0 */;
/*!40014 SET @OLD_FOREIGN_KEY_CHECKS=@@FOREIGN_KEY_CHECKS, FOREIGN_KEY_CHECKS=0 */;
/*!40101 SET @OLD_SQL_MODE=@@SQL_MODE, SQL_MODE='NO_AUTO_VALUE_ON_ZERO' */;
/*!40111 SET @OLD_SQL_NOTES=@@SQL_NOTES, SQL_NOTES=0 */;

--
-- Table structure for table `detail_efek`
--

DROP TABLE IF EXISTS `detail_efek`;
/*!40101 SET @saved_cs_client     = @@character_set_client */;
/*!50503 SET character_set_client = utf8mb4 */;
CREATE TABLE `detail_efek` (
  `set_equip_id` char(10) NOT NULL,
  `jumlah` int NOT NULL,
  `efek_id` char(10) NOT NULL,
  PRIMARY KEY (`set_equip_id`,`jumlah`,`efek_id`)
) ENGINE=InnoDB DEFAULT CHARSET=utf8mb4 COLLATE=utf8mb4_0900_ai_ci;
/*!40101 SET character_set_client = @saved_cs_client */;

--
-- Dumping data for table `detail_efek`
--

LOCK TABLES `detail_efek` WRITE;
/*!40000 ALTER TABLE `detail_efek` DISABLE KEYS */;
INSERT INTO `detail_efek` VALUES ('ES000001AA',2,'E0000001AA'),('ES000001AA',2,'E0000001AB'),('ES000001AA',2,'E0000001AC'),('ES000002AA',2,'E0000002AA'),('ES000002AA',2,'E0000002AB'),('ES000002AA',2,'E0000002AC'),('ES000002AA',2,'E0000002AD'),('ES000002AA',3,'E0000002BC'),('ES000002AA',3,'E0000002BD'),('ES000002AA',3,'E0000003AA'),('ES000002AA',3,'E0000003AB'),('ES000003AA',2,'E0000003AA'),('ES000003AA',2,'E0000003AB'),('ES000003AA',2,'E0000003AC'),('ES000003AA',2,'E0000003AD'),('ES000003AA',3,'E0000003BC'),('ES000003AA',3,'E0000003BD'),('ES000003AA',3,'E0000004AA'),('ES000003AA',3,'E0000004AB'),('ES000004AA',2,'E0000004AA'),('ES000004AA',2,'E0000004AB'),('ES000004AA',2,'E0000004AC'),('ES000004AA',2,'E0000004AD'),('ES000004AA',2,'E0000004AE'),('ES000004AA',3,'E0000004BC'),('ES000004AA',3,'E0000004BD'),('ES000004AA',3,'E0000004BE'),('ES000004AA',3,'E0000005AA'),('ES000004AA',3,'E0000005AB'),('ES000004AA',4,'E0000004CC'),('ES000004AA',4,'E0000004CD'),('ES000004AA',4,'E0000004CE'),('ES000004AA',4,'E0000006AA'),('ES000004AA',4,'E0000006AB'),('ES000005AA',2,'E0000005AA'),('ES000005AA',2,'E0000005AB'),('ES000005AA',2,'E0000005AC'),('ES000005AA',2,'E0000005AD'),('ES000005AA',2,'E0000005AE'),('ES000005AA',3,'E0000005BC'),('ES000005AA',3,'E0000005BD'),('ES000005AA',3,'E0000005BE'),('ES000005AA',3,'E0000006AA'),('ES000005AA',3,'E0000006AB'),('ES000005AA',4,'E0000005CC'),('ES000005AA',4,'E0000005CD'),('ES000005AA',4,'E0000005CE'),('ES000005AA',4,'E0000007AA'),('ES000005AA',4,'E0000007AB'),('ES000006AA',2,'E0000001BA'),('ES000006AA',2,'E0000005AB'),('ES000006AA',2,'E0000006AC'),('ES000006AA',2,'E0000006AD'),('ES000006AA',2,'E0000006AE'),('ES000006AA',3,'E0000002BA'),('ES000006AA',3,'E0000006AB'),('ES000006AA',3,'E0000006BC'),('ES000006AA',3,'E0000006BD'),('ES000006AA',3,'E0000006BE'),('ES000006AA',4,'E0000003BA'),('ES000006AA',4,'E0000006CC'),('ES000006AA',4,'E0000006CD'),('ES000006AA',4,'E0000006CE'),('ES000006AA',4,'E0000007AB'),('ES000007AA',2,'E0000006AA'),('ES000007AA',2,'E0000006AB'),('ES000007AA',2,'E0000007AC'),('ES000007AA',2,'E0000007AD'),('ES000007AA',2,'E0000007AE'),('ES000007AA',2,'E0000007AF'),('ES000007AA',3,'E0000007AA'),('ES000007AA',3,'E0000007AB'),('ES000007AA',3,'E0000007BC'),('ES000007AA',3,'E0000007BD'),('ES000007AA',3,'E0000007BE'),('ES000007AA',3,'E0000007BF'),('ES000007AA',4,'E0000007CC'),('ES000007AA',4,'E0000007CD'),('ES000007AA',4,'E0000007CE'),('ES000007AA',4,'E0000007CF'),('ES000007AA',4,'E0000008AA'),('ES000007AA',4,'E0000008AB'),('ES000007AA',5,'E0000007DC'),('ES000007AA',5,'E0000007DD'),('ES000007AA',5,'E0000007DE'),('ES000007AA',5,'E0000007DF'),('ES000007AA',5,'E0000009AA'),('ES000007AA',5,'E0000009AB'),('ES000008AA',2,'E0000007AA'),('ES000008AA',2,'E0000007AB'),('ES000008AA',2,'E0000008AC'),('ES000008AA',2,'E0000008AD'),('ES000008AA',2,'E0000008AE'),('ES000008AA',2,'E0000008AF'),('ES000008AA',3,'E0000008AA'),('ES000008AA',3,'E0000008AB'),('ES000008AA',3,'E0000008BC'),('ES000008AA',3,'E0000008BD'),('ES000008AA',3,'E0000008BE'),('ES000008AA',3,'E0000008BF'),('ES000008AA',4,'E0000008CC'),('ES000008AA',4,'E0000008CD'),('ES000008AA',4,'E0000008CE'),('ES000008AA',4,'E0000008CF'),('ES000008AA',4,'E0000009AA'),('ES000008AA',4,'E0000009AB'),('ES000008AA',5,'E0000008DC'),('ES000008AA',5,'E0000008DD'),('ES000008AA',5,'E0000008DE'),('ES000008AA',5,'E0000008DF'),('ES000008AA',5,'E0000010AA'),('ES000008AA',5,'E0000010AB'),('ES000009AA',2,'E0000004BA'),('ES000009AA',2,'E0000007AB'),('ES000009AA',2,'E0000009AC'),('ES000009AA',2,'E0000009AD'),('ES000009AA',2,'E0000009AE'),('ES000009AA',2,'E0000009AF'),('ES000009AA',3,'E0000006BA'),('ES000009AA',3,'E0000008AB'),('ES000009AA',3,'E0000009BC'),('ES000009AA',3,'E0000009BD'),('ES000009AA',3,'E0000009BE'),('ES000009AA',3,'E0000009BF'),('ES000009AA',4,'E0000007BA'),('ES000009AA',4,'E0000008CD'),('ES000009AA',4,'E0000009AB'),('ES000009AA',4,'E0000009CC'),('ES000009AA',4,'E0000009CE'),('ES000009AA',4,'E0000009CF'),('ES000009AA',5,'E0000008BA'),('ES000009AA',5,'E0000009DC'),('ES000009AA',5,'E0000009DD'),('ES000009AA',5,'E0000009DE'),('ES000009AA',5,'E0000009DF'),('ES000009AA',5,'E0000010AB'),('ES000010AA',2,'E0000008AA'),('ES000010AA',2,'E0000008AB'),('ES000010AA',2,'E0000010AC'),('ES000010AA',2,'E0000010AD'),('ES000010AA',2,'E0000010AE'),('ES000010AA',2,'E0000010AF'),('ES000010AA',3,'E0000009AA'),('ES000010AA',3,'E0000009AB'),('ES000010AA',3,'E0000010BC'),('ES000010AA',3,'E0000010BD'),('ES000010AA',3,'E0000010BE'),('ES000010AA',3,'E0000010BF'),('ES000010AA',4,'E0000010AA'),('ES000010AA',4,'E0000010AB'),('ES000010AA',4,'E0000010CC'),('ES000010AA',4,'E0000010CD'),('ES000010AA',4,'E0000010CE'),('ES000010AA',4,'E0000010CF'),('ES000010AA',5,'E0000010DC'),('ES000010AA',5,'E0000010DD'),('ES000010AA',5,'E0000010DE'),('ES000010AA',5,'E0000010DF'),('ES000010AA',5,'E0000011AA'),('ES000010AA',5,'E0000011AB');
/*!40000 ALTER TABLE `detail_efek` ENABLE KEYS */;
UNLOCK TABLES;

--
-- Table structure for table `detail_equipment_set`
--

DROP TABLE IF EXISTS `detail_equipment_set`;
/*!40101 SET @saved_cs_client     = @@character_set_client */;
/*!50503 SET character_set_client = utf8mb4 */;
CREATE TABLE `detail_equipment_set` (
  `set_equip_id` char(10) NOT NULL,
  `equipment_id` char(10) NOT NULL,
  PRIMARY KEY (`set_equip_id`,`equipment_id`)
) ENGINE=InnoDB DEFAULT CHARSET=utf8mb4 COLLATE=utf8mb4_0900_ai_ci;
/*!40101 SET character_set_client = @saved_cs_client */;

--
-- Dumping data for table `detail_equipment_set`
--

LOCK TABLES `detail_equipment_set` WRITE;
/*!40000 ALTER TABLE `detail_equipment_set` DISABLE KEYS */;
INSERT INTO `detail_equipment_set` VALUES ('ES000001AA','A00001'),('ES000001AA','E00001'),('ES000001AA','W00001'),('ES000002AA','A00002'),('ES000002AA','E00002'),('ES000002AA','W00002'),('ES000003AA','A00003'),('ES000003AA','E00003'),('ES000003AA','W00003'),('ES000004AA','A00004'),('ES000004AA','E00004'),('ES000004AA','W00004'),('ES000005AA','A00005'),('ES000005AA','E00005'),('ES000005AA','W00005'),('ES000006AA','A00006'),('ES000006AA','E00006'),('ES000006AA','W00006'),('ES000007AA','A00007'),('ES000007AA','E00007'),('ES000007AA','W00007'),('ES000008AA','A00008'),('ES000008AA','E00008'),('ES000008AA','W00008'),('ES000009AA','A00009'),('ES000009AA','E00009'),('ES000009AA','W00009'),('ES000010AA','A00010'),('ES000010AA','E00010'),('ES000010AA','W00010');
/*!40000 ALTER TABLE `detail_equipment_set` ENABLE KEYS */;
UNLOCK TABLES;

--
-- Table structure for table `detail_set_efek`
--

DROP TABLE IF EXISTS `detail_set_efek`;
/*!40101 SET @saved_cs_client     = @@character_set_client */;
/*!50503 SET character_set_client = utf8mb4 */;
CREATE TABLE `detail_set_efek` (
  `SET_EQUIP_ID` char(10) DEFAULT NULL,
  `EFEK_ID` char(10) DEFAULT NULL,
  `ITEM_SET` int DEFAULT NULL,
  UNIQUE KEY `detail_set_efek_idx` (`EFEK_ID`,`SET_EQUIP_ID`)
) ENGINE=InnoDB DEFAULT CHARSET=utf8mb4 COLLATE=utf8mb4_0900_ai_ci;
/*!40101 SET character_set_client = @saved_cs_client */;

--
-- Dumping data for table `detail_set_efek`
--

LOCK TABLES `detail_set_efek` WRITE;
/*!40000 ALTER TABLE `detail_set_efek` DISABLE KEYS */;
INSERT INTO `detail_set_efek` VALUES ('ES000001AA','E0000001AA',2),('ES000002AA','E0000002AA',2),('ES000003AA','E0000003AA',2),('ES000004AA','E0000004AA',2),('ES000005AA','E0000005AA',2),('ES000006AA','E0000006AA',2),('ES000009AA','E0000009AA',2),('ES000010AA','E0000010AA',2),('ES000001AA','E0000001AB',3),('ES000002AA','E0000002AB',3),('ES000003AA','E0000003AB',3),('ES000004AA','E0000004AB',3),('ES000005AA','E0000005AB',3),('ES000006AA','E0000006AB',3),('ES000009AA','E0000009AB',3),('ES000010AA','E0000010AB',3),('TES115','E0000006AA',1),('TES115','E0000003AB',2),('TES115','EA00006',3),('ES000008AA','E0000008AB',3),('ES000008AA','E0000008AA',2),('ES000007AA','E0000007AB',3),('ES000007AA','E0000007AA',2);
/*!40000 ALTER TABLE `detail_set_efek` ENABLE KEYS */;
UNLOCK TABLES;

--
-- Table structure for table `efek`
--

DROP TABLE IF EXISTS `efek`;
/*!40101 SET @saved_cs_client     = @@character_set_client */;
/*!50503 SET character_set_client = utf8mb4 */;
CREATE TABLE `efek` (
  `efek_id` char(10) NOT NULL,
  `efek_type` varchar(10) NOT NULL,
  `efek_value` int NOT NULL,
  PRIMARY KEY (`efek_id`)
) ENGINE=InnoDB DEFAULT CHARSET=utf8mb4 COLLATE=utf8mb4_0900_ai_ci;
/*!40101 SET character_set_client = @saved_cs_client */;

--
-- Dumping data for table `efek`
--

LOCK TABLES `efek` WRITE;
/*!40000 ALTER TABLE `efek` DISABLE KEYS */;
INSERT INTO `efek` VALUES ('E0000001AA','ATK',1000),('E0000001AB','HP',500),('E0000001AC','HIT',250),('E0000001BA','MATK',1750),('E0000002AA','ATK',1500),('E0000002AB','HP',550),('E0000002AC','ASPD',120),('E0000002AD','HIT',300),('E0000002BA','MATK',2000),('E0000002BC','ASPD',180),('E0000002BD','HIT',330),('E0000003AA','ATK',2000),('E0000003AB','HP',600),('E0000003AC','ASPD',200),('E0000003AD','HIT',350),('E0000003BA','MATK',2250),('E0000003BC','ASPD',220),('E0000003BD','HIT',360),('E0000004AA','ATK',2500),('E0000004AB','HP',650),('E0000004AC','ASPD',210),('E0000004AD','HIT',360),('E0000004AE','DEF',300),('E0000004BA','MATK',1800),('E0000004BC','ASPD',220),('E0000004BD','HIT',380),('E0000004BE','DEF',400),('E0000004CC','ASPD',240),('E0000004CD','HIT',400),('E0000004CE','DEF',450),('E0000005AA','ATK',3000),('E0000005AB','HP',700),('E0000005AC','ASPD',150),('E0000005AD','HIT',380),('E0000005AE','DEF',270),('E0000005BA','MATK',2100),('E0000005BC','ASPD',165),('E0000005BD','HIT',400),('E0000005BE','DEF',280),('E0000005CC','ASPD',180),('E0000005CD','HIT',440),('E0000005CE','DEF',300),('E0000006AA','ATK',3500),('E0000006AB','HP',750),('E0000006AC','CSPD',200),('E0000006AD','HIT',400),('E0000006AE','MDEF',270),('E0000006BA','MATK',2350),('E0000006BC','CSPD',250),('E0000006BD','HIT',450),('E0000006BE','MDEF',280),('E0000006CC','CSPD',300),('E0000006CD','HIT',500),('E0000006CE','MDEF',300),('E0000007AA','ATK',4000),('E0000007AB','HP',800),('E0000007AC','ASPD',300),('E0000007AD','HIT',500),('E0000007AE','DEF',300),('E0000007AF','FLEE',200),('E0000007BA','MATK',2500),('E0000007BC','ASPD',320),('E0000007BD','HIT',550),('E0000007BE','DEF',320),('E0000007BF','FLEE',220),('E0000007CC','ASPD',340),('E0000007CD','HIT',600),('E0000007CE','DEF',330),('E0000007CF','FLEE',240),('E0000007DC','ASPD',360),('E0000007DD','HIT',650),('E0000007DE','DEF',350),('E0000007DF','FLEE',250),('E0000008AA','ATK',4500),('E0000008AB','HP',850),('E0000008AC','ASPD',180),('E0000008AD','HIT',500),('E0000008AE','DEF',400),('E0000008AF','FLEE',20),('E0000008BA','MATK',2750),('E0000008BC','ASPD',200),('E0000008BD','HIT',520),('E0000008BE','DEF',450),('E0000008BF','FLEE',40),('E0000008CC','ASPD',230),('E0000008CD','HIT',540),('E0000008CE','DEF',500),('E0000008CF','FLEE',50),('E0000008DC','ASPD',240),('E0000008DD','HIT',550),('E0000008DE','DEF',550),('E0000008DF','FLEE',70),('E0000009AA','ATK',5000),('E0000009AB','HP',900),('E0000009AC','CSPD',180),('E0000009AD','HIT',300),('E0000009AE','MDEF',400),('E0000009AF','MP',180),('E0000009BC','CSPD',200),('E0000009BD','HIT',320),('E0000009BE','MDEF',450),('E0000009BF','MP',200),('E0000009CC','CSPD',260),('E0000009CD','HIT',340),('E0000009CE','MDEF',500),('E0000009CF','MP',220),('E0000009DC','CSPD',320),('E0000009DD','HIT',360),('E0000009DE','MDEF',550),('E0000009DF','MP',240),('E0000010AA','ATK',5500),('E0000010AB','HP',950),('E0000010AC','ASPD',480),('E0000010AD','HIT',560),('E0000010AE','DEF',240),('E0000010AF','FLEE',20),('E0000010BC','ASPD',500),('E0000010BD','HIT',580),('E0000010BE','DEF',260),('E0000010BF','FLEE',40),('E0000010CC','ASPD',520),('E0000010CD','HIT',600),('E0000010CE','DEF',280),('E0000010CF','FLEE',60),('E0000010DC','ASPD',580),('E0000010DD','HIT',620),('E0000010DE','DEF',300),('E0000010DF','FLEE',80),('E0000011AA','ATK',6000),('E0000011AB','HP',1800),('EA00001','HP',2000),('EA00002','HP',2500),('EA00003','HP',3000),('EA00004','HP',3500),('EA00005','HP',4000),('EA00006','HP',4000),('EA00007','HP',4500),('EA00008','HP',5000),('EA00009','HP',4500),('EA00010','HP',4000),('EE00001','DEF',100),('EE00002','DEF',150),('EE00003','DEF',200),('EE00004','DEF',250),('EE00005','DEF',300),('EE00006','DEF',350),('EE00007','DEF',400),('EE00008','DEF',450),('EE00009','DEF',500),('EE00010','DEF',550),('EN00001','MP',500),('EN00002','MP',550),('EN00003','MP',600),('EN00004','MP',650),('EN00005','MP',650),('EN00006','MP',1000),('EN00007','MP',700),('EN00008','MP',750),('EN00009','MP',1200),('EN00010','MP',800),('ER00001','MDEF',100),('ER00002','MDEF',150),('ER00003','MDEF',200),('ER00004','MDEF',250),('ER00005','MDEF',300),('ER00006','MDEF',350),('ER00007','MDEF',400),('ER00008','MDEF',450),('ER00009','MDEF',500),('ER00010','MDEF',550),('EW00001','ATK',30),('EW00002','ATK',35),('EW00003','ATK',40),('EW00004','ATK',45),('EW00005','ATK',50),('EW00006','MATK',45),('EW00007','ATK',55),('EW00008','ATK',60),('EW00009','MATK',55),('EW00010','ATK',65);
/*!40000 ALTER TABLE `efek` ENABLE KEYS */;
UNLOCK TABLES;

--
-- Table structure for table `equipment_set`
--

DROP TABLE IF EXISTS `equipment_set`;
/*!40101 SET @saved_cs_client     = @@character_set_client */;
/*!50503 SET character_set_client = utf8mb4 */;
CREATE TABLE `equipment_set` (
  `set_equip_id` char(10) NOT NULL,
  `set_name` char(60) NOT NULL,
  `jumlah_max` int DEFAULT NULL,
  PRIMARY KEY (`set_equip_id`)
) ENGINE=InnoDB DEFAULT CHARSET=utf8mb4 COLLATE=utf8mb4_0900_ai_ci;
/*!40101 SET character_set_client = @saved_cs_client */;

--
-- Dumping data for table `equipment_set`
--

LOCK TABLES `equipment_set` WRITE;
/*!40000 ALTER TABLE `equipment_set` DISABLE KEYS */;
INSERT INTO `equipment_set` VALUES ('ES000001AA','Newcomer Rage',2),('ES000002AA','Leather Burnt',3),('ES000003AA','Cotton Burnt',3),('ES000004AA','Adventurer Rage',4),('ES000005AA','Fighter Rage',4),('ES000006AA','Mage Smirk',4),('ES000007AA','Warrior Rage',5),('ES000008AA','Gladiator Rage',5),('ES000009AA','Wizard Master',5),('ES000010AA','Hunter x Hunter',5);
/*!40000 ALTER TABLE `equipment_set` ENABLE KEYS */;
UNLOCK TABLES;

--
-- Table structure for table `equipments`
--

DROP TABLE IF EXISTS `equipments`;
/*!40101 SET @saved_cs_client     = @@character_set_client */;
/*!50503 SET character_set_client = utf8mb4 */;
CREATE TABLE `equipments` (
  `equipment_id` char(10) NOT NULL,
  `efek_id` char(10) NOT NULL,
  `set_equip_id` char(10) NOT NULL,
  `equipment_type` varchar(20) NOT NULL,
  `equipment_name` varchar(20) NOT NULL,
  `equipment_rarity` int NOT NULL,
  PRIMARY KEY (`equipment_id`)
) ENGINE=InnoDB DEFAULT CHARSET=utf8mb4 COLLATE=utf8mb4_0900_ai_ci;
/*!40101 SET character_set_client = @saved_cs_client */;

--
-- Dumping data for table `equipments`
--

LOCK TABLES `equipments` WRITE;
/*!40000 ALTER TABLE `equipments` DISABLE KEYS */;
INSERT INTO `equipments` VALUES ('A00001','EA00001','ES000001AA','Armor','Newcomer Garb',1),('A00002','EA00002','ES000002AA','Armor','Leather Cloth',1),('A00003','EA00003','ES000003AA','Armor','Cotton Armor',1),('A00004','EA00004','ES000004AA','Armor','Adventurer Garb',2),('A00005','EA00005','ES000005AA','Armor','Fighter Uniform',2),('A00006','EA00006','ES000006AA','Armor','Mage Robe',2),('A00007','EA00007','ES000007AA','Armor','Warrior Mail',3),('A00008','EA00008','ES000008AA','Armor','Gladiator Armor',3),('A00009','EA00009','ES000009AA','Armor','Wizard Robe',3),('A00010','EA00010','ES000010AA','Armor','Hunter Garb',3),('E00001','EE00001','ES000001AA','Belt','Newcomer Belt',1),('E00002','EE00002','ES000002AA','Belt','Leather Belt',1),('E00003','EE00003','ES000003AA','Belt','Cotton Belt',1),('E00004','EE00004','ES000004AA','Belt','Adventurer Belt',2),('E00005','EE00005','ES000005AA','Belt','Fighter Belt',2),('E00006','EE00006','ES000006AA','Belt','Mage Belt',2),('E00007','EE00007','ES000007AA','Belt','Warrior Belt',3),('E00008','EE00008','ES000008AA','Belt','Gladiator Belt',3),('E00009','EE00009','ES000009AA','Belt','Wizard Belt',3),('E00010','EE00010','ES000010AA','Belt','Hunter Pouch',3),('N00001','EN00001','ES000001AA','Necklace','Newcomer Necklace',1),('N00002','EN00002','ES000002AA','Necklace','Leather Necklace',1),('N00003','EN00003','ES000003AA','Necklace','Cotton Necklace',1),('N00004','EN00004','ES000004AA','Necklace','Adventurer Necklace',2),('N00005','EN00005','ES000005AA','Necklace','Fighter Necklace',2),('N00006','EN00006','ES000006AA','Necklace','Mage Necklace',2),('N00007','EN00007','ES000007AA','Necklace','Warrior Necklace',3),('N00008','EN00008','ES000008AA','Necklace','Gladiator Necklace',3),('N00009','EN00009','ES000009AA','Necklace','Wizard Necklace',3),('N00010','EN00010','ES000010AA','Necklace','Hunter Necklace',3),('R00001','ER00001','ES000001AA','Ring','Newcomer Ring',1),('R00002','ER00002','ES000002AA','Ring','Leather Ring',1),('R00003','ER00003','ES000003AA','Ring','Cotton Ring',1),('R00004','ER00004','ES000004AA','Ring','Adventurer Ring',2),('R00005','ER00005','ES000005AA','Ring','Fighter Ring',2),('R00006','ER00006','ES000006AA','Ring','Mage Ring',2),('R00007','ER00007','ES000007AA','Ring','Warrior Ring',3),('R00008','ER00008','ES000008AA','Ring','Gladiator Ring',3),('R00009','ER00009','ES000009AA','Ring','Wizard Ring',3),('R00010','ER00010','ES000010AA','Ring','Hunter Ring',3),('W00001','EW00001','ES000001AA','Weapon','Newcomer Sword',1),('W00002','EW00002','ES000002AA','Weapon','Leather Sword',1),('W00003','EW00003','ES000003AA','Weapon','Cotton Sword',1),('W00004','EW00004','ES000004AA','Weapon','Adventurer Bow',2),('W00005','EW00005','ES000005AA','Weapon','Fighter Sword',2),('W00006','EW00006','ES000006AA','Weapon','Mage Staff',2),('W00007','EW00007','ES000007AA','Weapon','Warrior Sword',3),('W00008','EW00008','ES000008AA','Weapon','Gladiator Sword',3),('W00009','EW00009','ES000009AA','Weapon','Wizard Staff',3),('W00010','EW00010','ES000010AA','Weapon','Hunter Bow',3);
/*!40000 ALTER TABLE `equipments` ENABLE KEYS */;
UNLOCK TABLES;

--
-- Table structure for table `inventory`
--

DROP TABLE IF EXISTS `inventory`;
/*!40101 SET @saved_cs_client     = @@character_set_client */;
/*!50503 SET character_set_client = utf8mb4 */;
CREATE TABLE `inventory` (
  `user_id` char(10) NOT NULL,
  `equipment_id` char(10) NOT NULL,
  PRIMARY KEY (`user_id`,`equipment_id`)
) ENGINE=InnoDB DEFAULT CHARSET=utf8mb4 COLLATE=utf8mb4_0900_ai_ci;
/*!40101 SET character_set_client = @saved_cs_client */;

--
-- Dumping data for table `inventory`
--

LOCK TABLES `inventory` WRITE;
/*!40000 ALTER TABLE `inventory` DISABLE KEYS */;
INSERT INTO `inventory` VALUES ('US00000001','A00001'),('US00000001','E00002'),('US00000001','N00002'),('US00000001','R00002'),('US00000001','W00001'),('US00000002','A00003'),('US00000002','E00004'),('US00000002','N00004'),('US00000002','R00004'),('US00000002','W00003'),('US00000003','A00005'),('US00000003','E00006'),('US00000003','N00006'),('US00000003','R00006'),('US00000003','W00006'),('US00000004','A00002'),('US00000004','E00001'),('US00000004','N00001'),('US00000004','R00002'),('US00000004','W00001'),('US00000005','A00010'),('US00000005','E00010'),('US00000005','N00010'),('US00000005','R00010'),('US00000005','W00010'),('US00000006','A00002'),('US00000006','E00010'),('US00000006','N00003'),('US00000006','R00007'),('US00000006','W00001'),('US00000007','A00005'),('US00000007','E00005'),('US00000007','N00006'),('US00000007','R00006'),('US00000007','W00006');
/*!40000 ALTER TABLE `inventory` ENABLE KEYS */;
UNLOCK TABLES;

--
-- Table structure for table `player`
--

DROP TABLE IF EXISTS `player`;
/*!40101 SET @saved_cs_client     = @@character_set_client */;
/*!50503 SET character_set_client = utf8mb4 */;
CREATE TABLE `player` (
  `user_id` char(10) NOT NULL,
  PRIMARY KEY (`user_id`)
) ENGINE=InnoDB DEFAULT CHARSET=utf8mb4 COLLATE=utf8mb4_0900_ai_ci;
/*!40101 SET character_set_client = @saved_cs_client */;

--
-- Dumping data for table `player`
--

LOCK TABLES `player` WRITE;
/*!40000 ALTER TABLE `player` DISABLE KEYS */;
INSERT INTO `player` VALUES ('US00000001'),('US00000002'),('US00000003'),('US00000004'),('US00000005'),('US00000006'),('US00000007');
/*!40000 ALTER TABLE `player` ENABLE KEYS */;
UNLOCK TABLES;

--
-- Table structure for table `set_count`
--

DROP TABLE IF EXISTS `set_count`;
/*!40101 SET @saved_cs_client     = @@character_set_client */;
/*!50503 SET character_set_client = utf8mb4 */;
CREATE TABLE `set_count` (
  `set_equip_id` char(10) NOT NULL,
  `jumlah` char(10) NOT NULL,
  PRIMARY KEY (`set_equip_id`,`jumlah`)
) ENGINE=InnoDB DEFAULT CHARSET=utf8mb4 COLLATE=utf8mb4_0900_ai_ci;
/*!40101 SET character_set_client = @saved_cs_client */;

--
-- Dumping data for table `set_count`
--

LOCK TABLES `set_count` WRITE;
/*!40000 ALTER TABLE `set_count` DISABLE KEYS */;
INSERT INTO `set_count` VALUES ('ES000001AA','2'),('ES000002AA','2'),('ES000002AA','3'),('ES000003AA','2'),('ES000003AA','3'),('ES000004AA','2'),('ES000004AA','3'),('ES000004AA','4'),('ES000005AA','2'),('ES000005AA','3'),('ES000005AA','4'),('ES000006AA','2'),('ES000006AA','3'),('ES000006AA','4'),('ES000007AA','2'),('ES000007AA','3'),('ES000007AA','4'),('ES000007AA','5'),('ES000008AA','2'),('ES000008AA','3'),('ES000008AA','4'),('ES000008AA','5'),('ES000009AA','2'),('ES000009AA','3'),('ES000009AA','4'),('ES000009AA','5'),('ES000010AA','2'),('ES000010AA','3'),('ES000010AA','4'),('ES000010AA','5');
/*!40000 ALTER TABLE `set_count` ENABLE KEYS */;
UNLOCK TABLES;
/*!40103 SET TIME_ZONE=@OLD_TIME_ZONE */;

/*!40101 SET SQL_MODE=@OLD_SQL_MODE */;
/*!40014 SET FOREIGN_KEY_CHECKS=@OLD_FOREIGN_KEY_CHECKS */;
/*!40014 SET UNIQUE_CHECKS=@OLD_UNIQUE_CHECKS */;
/*!40101 SET CHARACTER_SET_CLIENT=@OLD_CHARACTER_SET_CLIENT */;
/*!40101 SET CHARACTER_SET_RESULTS=@OLD_CHARACTER_SET_RESULTS */;
/*!40101 SET COLLATION_CONNECTION=@OLD_COLLATION_CONNECTION */;
/*!40111 SET SQL_NOTES=@OLD_SQL_NOTES */;

-- Dump completed on 2022-12-12 11:01:51
